dow,hour,tap_ons,window
Fri,0,2258.0,pre_covid
Fri,1,822.0,pre_covid
Fri,2,628.0,pre_covid
Fri,3,536.0,pre_covid
Fri,4,936.0,pre_covid
Fri,5,3025.0,pre_covid
Fri,6,6911.0,pre_covid
Fri,7,13267.0,pre_covid
Fri,8,22644.0,pre_covid
Fri,9,16089.0,pre_covid
Fri,10,14378.0,pre_covid
Fri,11,16644.0,pre_covid
Fri,12,20500.0,pre_covid
Fri,13,23922.0,pre_covid
Fri,14,28944.0,pre_covid
Fri,15,42078.0,pre_covid
Fri,16,65900.0,pre_covid
Fri,17,95400.0,pre_covid
Fri,18,56022.0,pre_covid
Fri,19,29600.0,pre_covid
Fri,20,21311.0,pre_covid
Fri,21,20233.0,pre_covid
Fri,22,17844.0,pre_covid
Fri,23,9556.0,pre_covid
Mon,0,1262.0,pre_covid
Mon,1,481.0,pre_covid
Mon,2,362.0,pre_covid
Mon,3,275.0,pre_covid
Mon,4,875.0,pre_covid
Mon,5,2912.0,pre_covid
Mon,6,6828.0,pre_covid
Mon,7,13625.0,pre_covid
Mon,8,22962.0,pre_covid
Mon,9,15612.0,pre_covid
Mon,10,13925.0,pre_covid
Mon,11,15575.0,pre_covid
Mon,12,18788.0,pre_covid
Mon,13,21325.0,pre_covid
Mon,14,27262.0,pre_covid
Mon,15,40262.0,pre_covid
Mon,16,67075.0,pre_covid
Mon,17,115712.0,pre_covid
Mon,18,64062.0,pre_covid
Mon,19,27612.0,pre_covid
Mon,20,17225.0,pre_covid
Mon,21,13588.0,pre_covid
Mon,22,8850.0,pre_covid
Mon,23,4256.0,pre_covid
Thu,0,1781.0,pre_covid
Thu,1,617.0,pre_covid
Thu,2,406.0,pre_covid
Thu,3,292.0,pre_covid
Thu,4,847.0,pre_covid
Thu,5,2958.0,pre_covid
Thu,6,7122.0,pre_covid
Thu,7,14144.0,pre_covid
Thu,8,23678.0,pre_covid
Thu,9,16367.0,pre_covid
Thu,10,14511.0,pre_covid
Thu,11,16833.0,pre_covid
Thu,12,20200.0,pre_covid
Thu,13,23222.0,pre_covid
Thu,14,28856.0,pre_covid
Thu,15,41578.0,pre_covid
Thu,16,66689.0,pre_covid
Thu,17,109811.0,pre_covid
Thu,18,63733.0,pre_covid
Thu,19,31156.0,pre_covid
Thu,20,23478.0,pre_covid
Thu,21,20489.0,pre_covid
Thu,22,12589.0,pre_covid
Thu,23,6081.0,pre_covid
Tue,0,1369.0,pre_covid
Tue,1,364.0,pre_covid
Tue,2,328.0,pre_covid
Tue,3,250.0,pre_covid
Tue,4,836.0,pre_covid
Tue,5,2914.0,pre_covid
Tue,6,7011.0,pre_covid
Tue,7,14222.0,pre_covid
Tue,8,23756.0,pre_covid
Tue,9,16511.0,pre_covid
Tue,10,14511.0,pre_covid
Tue,11,16489.0,pre_covid
Tue,12,19656.0,pre_covid
Tue,13,22733.0,pre_covid
Tue,14,28400.0,pre_covid
Tue,15,41744.0,pre_covid
Tue,16,68367.0,pre_covid
Tue,17,115233.0,pre_covid
Tue,18,65356.0,pre_covid
Tue,19,30111.0,pre_covid
Tue,20,19944.0,pre_covid
Tue,21,15956.0,pre_covid
Tue,22,9944.0,pre_covid
Tue,23,4767.0,pre_covid
Wed,0,1692.0,pre_covid
Wed,1,544.0,pre_covid
Wed,2,406.0,pre_covid
Wed,3,339.0,pre_covid
Wed,4,869.0,pre_covid
Wed,5,3014.0,pre_covid
Wed,6,7244.0,pre_covid
Wed,7,13989.0,pre_covid
Wed,8,23500.0,pre_covid
Wed,9,16556.0,pre_covid
Wed,10,14856.0,pre_covid
Wed,11,17289.0,pre_covid
Wed,12,20511.0,pre_covid
Wed,13,23189.0,pre_covid
Wed,14,28578.0,pre_covid
Wed,15,41878.0,pre_covid
Wed,16,67878.0,pre_covid
Wed,17,112700.0,pre_covid
Wed,18,65233.0,pre_covid
Wed,19,30900.0,pre_covid
Wed,20,21089.0,pre_covid
Wed,21,17211.0,pre_covid
Wed,22,11256.0,pre_covid
Wed,23,5492.0,pre_covid
Fri,0,2227.0,last_12m
Fri,1,731.0,last_12m
Fri,2,540.0,last_12m
Fri,3,421.0,last_12m
Fri,4,956.0,last_12m
Fri,5,3073.0,last_12m
Fri,6,6671.0,last_12m
Fri,7,10938.0,last_12m
Fri,8,18004.0,last_12m
Fri,9,15492.0,last_12m
Fri,10,16323.0,last_12m
Fri,11,19050.0,last_12m
Fri,12,22950.0,last_12m
Fri,13,26288.0,last_12m
Fri,14,32142.0,last_12m
Fri,15,41067.0,last_12m
Fri,16,51933.0,last_12m
Fri,17,64573.0,last_12m
Fri,18,40833.0,last_12m
Fri,19,25185.0,last_12m
Fri,20,21033.0,last_12m
Fri,21,21447.0,last_12m
Fri,22,19586.0,last_12m
Fri,23,11342.0,last_12m
Mon,0,1294.0,last_12m
Mon,1,457.0,last_12m
Mon,2,311.0,last_12m
Mon,3,267.0,last_12m
Mon,4,814.0,last_12m
Mon,5,3243.0,last_12m
Mon,6,6793.0,last_12m
Mon,7,12014.0,last_12m
Mon,8,20805.0,last_12m
Mon,9,15207.0,last_12m
Mon,10,14819.0,last_12m
Mon,11,17052.0,last_12m
Mon,12,20469.0,last_12m
Mon,13,23276.0,last_12m
Mon,14,28712.0,last_12m
Mon,15,39167.0,last_12m
Mon,16,58807.0,last_12m
Mon,17,87669.0,last_12m
Mon,18,44840.0,last_12m
Mon,19,22455.0,last_12m
Mon,20,16719.0,last_12m
Mon,21,13569.0,last_12m
Mon,22,8276.0,last_12m
Mon,23,4090.0,last_12m
Thu,0,1638.0,last_12m
Thu,1,502.0,last_12m
Thu,2,363.0,last_12m
Thu,3,265.0,last_12m
Thu,4,828.0,last_12m
Thu,5,3099.0,last_12m
Thu,6,7011.0,last_12m
Thu,7,12826.0,last_12m
Thu,8,22855.0,last_12m
Thu,9,16987.0,last_12m
Thu,10,16198.0,last_12m
Thu,11,18511.0,last_12m
Thu,12,22596.0,last_12m
Thu,13,25985.0,last_12m
Thu,14,32319.0,last_12m
Thu,15,43236.0,last_12m
Thu,16,63964.0,last_12m
Thu,17,91715.0,last_12m
Thu,18,51387.0,last_12m
Thu,19,29183.0,last_12m
Thu,20,24811.0,last_12m
Thu,21,22133.0,last_12m
Thu,22,14290.0,last_12m
Thu,23,6585.0,last_12m
Tue,0,1183.0,last_12m
Tue,1,360.0,last_12m
Tue,2,268.0,last_12m
Tue,3,229.0,last_12m
Tue,4,784.0,last_12m
Tue,5,3055.0,last_12m
Tue,6,7085.0,last_12m
Tue,7,13196.0,last_12m
Tue,8,23223.0,last_12m
Tue,9,16440.0,last_12m
Tue,10,15400.0,last_12m
Tue,11,17683.0,last_12m
Tue,12,21630.0,last_12m
Tue,13,24868.0,last_12m
Tue,14,30557.0,last_12m
Tue,15,42185.0,last_12m
Tue,16,67206.0,last_12m
Tue,17,99913.0,last_12m
Tue,18,51926.0,last_12m
Tue,19,26406.0,last_12m
Tue,20,20066.0,last_12m
Tue,21,16538.0,last_12m
Tue,22,10304.0,last_12m
Tue,23,4765.0,last_12m
Wed,0,1513.0,last_12m
Wed,1,424.0,last_12m
Wed,2,307.0,last_12m
Wed,3,272.0,last_12m
Wed,4,820.0,last_12m
Wed,5,3134.0,last_12m
Wed,6,7085.0,last_12m
Wed,7,13070.0,last_12m
Wed,8,22907.0,last_12m
Wed,9,16720.0,last_12m
Wed,10,15926.0,last_12m
Wed,11,18580.0,last_12m
Wed,12,22463.0,last_12m
Wed,13,25741.0,last_12m
Wed,14,31824.0,last_12m
Wed,15,43657.0,last_12m
Wed,16,65346.0,last_12m
Wed,17,94289.0,last_12m
Wed,18,51385.0,last_12m
Wed,19,27278.0,last_12m
Wed,20,21233.0,last_12m
Wed,21,18457.0,last_12m
Wed,22,12480.0,last_12m
Wed,23,5301.0,last_12m
