region,period,Mon,Tue,Wed,Thu,Fri,mon_vs_midweek,fri_vs_midweek,days
Chatswood,2020-01-01,15167.0,15500.0,15700.0,14380.0,14340.0,0.998,0.944,21
Chatswood,2020-02-01,16125.0,16925.0,17425.0,17025.0,17450.0,0.942,1.019,20
Chatswood,2020-03-01,11460.0,10740.0,12400.0,11275.0,11350.0,0.999,0.989,22
Chatswood,2020-04-01,2567.0,2675.0,2680.0,2600.0,2633.0,0.968,0.993,20
Chatswood,2020-05-01,4575.0,4750.0,5000.0,4775.0,4820.0,0.945,0.996,21
Chatswood,2020-06-01,7925.0,8200.0,8175.0,8125.0,8700.0,0.97,1.065,21
Chatswood,2020-07-01,7975.0,8150.0,8780.0,8580.0,9020.0,0.938,1.061,23
Chatswood,2020-08-01,7940.0,8375.0,8750.0,8275.0,8600.0,0.938,1.016,21
Chatswood,2020-09-01,8275.0,8680.0,8780.0,8675.0,9025.0,0.95,1.036,22
Chatswood,2020-10-01,8333.0,8800.0,9025.0,8580.0,9000.0,0.947,1.023,20
Chatswood,2020-11-01,9580.0,10150.0,10375.0,9400.0,10375.0,0.96,1.04,21
Chatswood,2020-12-01,8767.0,8820.0,9975.0,10500.0,10100.0,0.898,1.034,18
Chatswood,2021-01-01,7633.0,7500.0,8150.0,8025.0,8250.0,0.967,1.045,18
Chatswood,2021-02-01,10675.0,10950.0,11275.0,10900.0,11150.0,0.967,1.01,20
Chatswood,2021-03-01,10720.0,11240.0,11480.0,10950.0,11475.0,0.955,1.022,23
Chatswood,2021-04-01,10467.0,11250.0,11525.0,11460.0,10800.0,0.917,0.946,20
Chatswood,2021-05-01,11120.0,11950.0,12275.0,11725.0,11650.0,0.928,0.972,21
Chatswood,2021-06-01,8033.0,9840.0,9260.0,9767.0,10500.0,0.835,1.091,19
Chatswood,2021-07-01,2212.0,2312.0,2300.0,2585.0,2265.0,0.922,0.944,22
Chatswood,2021-08-01,1680.0,1700.0,1850.0,1875.0,1850.0,0.929,1.023,22
Chatswood,2021-09-01,2050.0,1975.0,2120.0,2120.0,2150.0,0.99,1.038,22
Chatswood,2021-10-01,5700.0,5050.0,5100.0,5050.0,5020.0,1.125,0.991,20
Chatswood,2021-11-01,8580.0,8740.0,8775.0,8250.0,9025.0,0.999,1.051,22
Chatswood,2021-12-01,8000.0,7833.0,7740.0,6960.0,6980.0,1.065,0.929,21
Chatswood,2022-01-01,5700.0,5350.0,4675.0,5225.0,5275.0,1.121,1.038,20
Chatswood,2022-02-01,8667.0,8050.0,8625.0,8175.0,8600.0,1.046,1.038,19
Chatswood,2022-03-01,8750.0,8700.0,8820.0,8560.0,8600.0,1.007,0.989,23
Chatswood,2022-04-01,7933.0,9350.0,9600.0,9275.0,8950.0,0.843,0.951,19
Chatswood,2022-05-01,9640.0,10560.0,10825.0,10200.0,10050.0,0.916,0.955,22
Chatswood,2022-06-01,9933.0,10450.0,11140.0,10300.0,11125.0,0.934,1.047,21
Chatswood,2022-07-01,8900.0,9525.0,9600.0,9325.0,9460.0,0.938,0.998,21
Chatswood,2022-08-01,9160.0,9240.0,9700.0,9300.0,9675.0,0.973,1.028,23
Chatswood,2022-09-01,9500.0,9800.0,10825.0,9060.0,9880.0,0.96,0.998,22
Chatswood,2022-10-01,9625.0,10933.0,10667.0,9700.0,10000.0,0.923,0.958,16
Chatswood,2022-11-01,10700.0,10775.0,11450.0,10133.0,10333.0,0.992,0.958,17
Chatswood,2022-12-01,10267.0,11300.0,10525.0,10400.0,10600.0,0.956,0.987,20
Chatswood,2023-01-01,9950.0,10460.0,10150.0,9567.0,9425.0,0.989,0.937,20
Chatswood,2023-02-01,12125.0,13000.0,13175.0,12350.0,12950.0,0.944,1.008,20
Chatswood,2023-03-01,11850.0,12900.0,13380.0,11940.0,12300.0,0.93,0.965,23
Chatswood,2023-04-01,11267.0,12167.0,12625.0,11850.0,11867.0,0.922,0.972,17
Chatswood,2023-05-01,12180.0,13200.0,13520.0,12925.0,13225.0,0.922,1.001,23
Chatswood,2023-06-01,12200.0,13125.0,13525.0,12480.0,13380.0,0.935,1.026,21
Chatswood,2023-07-01,11720.0,12650.0,13050.0,12500.0,12450.0,0.92,0.978,21
Chatswood,2023-08-01,12575.0,13920.0,14040.0,13480.0,13875.0,0.91,1.004,23
Chatswood,2023-09-01,12425.0,13625.0,13600.0,13200.0,13140.0,0.922,0.975,21
Chatswood,2023-10-01,12450.0,13180.0,13650.0,13050.0,13175.0,0.937,0.991,21
Chatswood,2023-11-01,13050.0,13825.0,14060.0,13360.0,13875.0,0.949,1.009,22
Chatswood,2023-12-01,12167.0,12667.0,12467.0,11275.0,11880.0,1.003,0.979,18
Chatswood,2024-01-01,10425.0,11280.0,11340.0,10625.0,10400.0,0.941,0.938,21
Chatswood,2024-02-01,13100.0,14225.0,14950.0,13800.0,13900.0,0.914,0.97,21
Chatswood,2024-03-01,13375.0,14400.0,14750.0,13775.0,13800.0,0.935,0.964,20
Chatswood,2024-04-01,12300.0,12820.0,13775.0,13233.0,12300.0,0.926,0.926,20
Chatswood,2024-05-01,13300.0,14325.0,14300.0,14060.0,13960.0,0.935,0.981,23
Chatswood,2024-06-01,13200.0,13950.0,14150.0,13050.0,13275.0,0.962,0.968,19
Chatswood,2024-07-01,12200.0,13500.0,13640.0,13125.0,12925.0,0.909,0.963,23
Chatswood,2024-08-01,14000.0,15550.0,15500.0,14920.0,15280.0,0.914,0.997,22
Chatswood,2024-09-01,13940.0,15550.0,15675.0,14725.0,15325.0,0.91,1.001,21
Chatswood,2024-10-01,14067.0,14640.0,14960.0,15200.0,14275.0,0.942,0.956,22
Chatswood,2024-11-01,14450.0,15675.0,15925.0,15150.0,15420.0,0.927,0.99,21
Chatswood,2024-12-01,12620.0,13900.0,15333.0,14733.0,14400.0,0.861,0.983,18
Chatswood,2025-01-01,12067.0,12900.0,11100.0,11425.0,11550.0,1.022,0.978,17
Chatswood,2025-02-01,15100.0,16667.0,17033.0,15825.0,15025.0,0.915,0.91,17
Chatswood,2025-03-01,15880.0,16950.0,17525.0,16750.0,16725.0,0.93,0.98,21
Chatswood,2025-04-01,14133.0,15380.0,16140.0,15575.0,16950.0,0.9,1.08,19
Chatswood,2025-05-01,15800.0,15650.0,16675.0,15960.0,16560.0,0.982,1.029,21
Chatswood,2025-06-01,15475.0,17000.0,16975.0,16575.0,16525.0,0.918,0.981,20
Chatswood,2025-07-01,14225.0,15825.0,15040.0,15300.0,15125.0,0.924,0.983,21
Chatswood,2025-08-01,15700.0,16025.0,16950.0,16300.0,16850.0,0.956,1.026,20
Chatswood,2025-09-01,14900.0,16200.0,16550.0,16067.0,16450.0,0.916,1.011,21
Chatswood,2025-10-01,15467.0,16425.0,16120.0,16060.0,16060.0,0.955,0.991,22
Chatswood,2025-11-01,15000.0,17050.0,17125.0,17100.0,16350.0,0.878,0.957,20
Chatswood,2025-12-01,13750.0,14175.0,14125.0,14200.0,12250.0,0.971,0.865,19
Chatswood,2026-01-01,12800.0,14275.0,13700.0,13733.0,12525.0,0.921,0.901,17
Chatswood,2026-02-01,16350.0,17700.0,17800.0,17050.0,17500.0,0.933,0.999,11
Chatswood,2026-03-01,16920.0,18060.0,18125.0,17250.0,17450.0,0.95,0.98,22
Chatswood,2026-04-01,15150.0,16950.0,17540.0,16960.0,16067.0,0.883,0.937,19
Chatswood,2026-05-01,16350.0,17450.0,17950.0,17375.0,17740.0,0.929,1.008,21
Chatswood,2026-06-01,16200.0,17240.0,17650.0,16750.0,17100.0,0.941,0.993,21
Chatswood,2026-07-01,15367.0,17025.0,16920.0,16560.0,16220.0,0.913,0.963,22
Chatswood,2026-08-01,16500.0,17950.0,18200.0,18075.0,19000.0,0.913,1.051,21
Chatswood,2026-09-01,15825.0,17480.0,17600.0,17625.0,18100.0,0.901,1.03,22
Chatswood,2026-10-01,,,,16000.0,15400.0,,0.962,2
Macquarie Park,2020-01-01,14267.0,14100.0,14300.0,13800.0,12950.0,1.014,0.921,19
Macquarie Park,2020-02-01,15450.0,15875.0,16125.0,15975.0,14850.0,0.966,0.929,20
Macquarie Park,2020-03-01,11640.0,11160.0,12275.0,11475.0,10225.0,1.0,0.879,22
Macquarie Park,2020-04-01,2167.0,2275.0,2340.0,2340.0,2367.0,0.935,1.021,20
Macquarie Park,2020-05-01,2875.0,3100.0,3125.0,3150.0,3120.0,0.92,0.998,21
Macquarie Park,2020-06-01,4675.0,4740.0,4675.0,4900.0,4925.0,0.98,1.032,21
Macquarie Park,2020-07-01,5675.0,5750.0,5880.0,6000.0,5720.0,0.966,0.973,23
Macquarie Park,2020-08-01,6300.0,6725.0,7050.0,6800.0,5975.0,0.919,0.871,21
Macquarie Park,2020-09-01,6200.0,6580.0,6640.0,6400.0,6000.0,0.948,0.917,22
Macquarie Park,2020-10-01,6367.0,7025.0,7150.0,6960.0,6250.0,0.904,0.887,20
Macquarie Park,2020-11-01,6820.0,7125.0,7300.0,6675.0,6725.0,0.97,0.956,21
Macquarie Park,2020-12-01,6467.0,7733.0,7900.0,7700.0,6867.0,0.831,0.883,15
Macquarie Park,2021-01-01,5225.0,5567.0,6567.0,6050.0,5550.0,0.862,0.916,18
Macquarie Park,2021-02-01,7775.0,8250.0,8400.0,8125.0,7425.0,0.941,0.899,20
Macquarie Park,2021-03-01,9580.0,10800.0,10700.0,10325.0,8725.0,0.903,0.822,23
Macquarie Park,2021-04-01,9733.0,10200.0,10350.0,10120.0,8175.0,0.952,0.8,20
Macquarie Park,2021-05-01,10540.0,11150.0,11350.0,10600.0,8975.0,0.955,0.813,21
Macquarie Park,2021-06-01,6633.0,8160.0,7720.0,8200.0,7333.0,0.826,0.914,19
Macquarie Park,2021-07-01,1875.0,1850.0,1950.0,2180.0,1880.0,0.941,0.943,22
Macquarie Park,2021-08-01,1640.0,1600.0,1725.0,1700.0,1700.0,0.979,1.015,22
Macquarie Park,2021-09-01,1700.0,1700.0,1680.0,1720.0,1650.0,1.0,0.971,22
Macquarie Park,2021-10-01,3633.0,3250.0,3250.0,3425.0,3180.0,1.098,0.961,20
Macquarie Park,2021-11-01,5500.0,5500.0,5425.0,5300.0,5100.0,1.017,0.943,22
Macquarie Park,2021-12-01,5567.0,5800.0,5180.0,5325.0,4680.0,1.024,0.861,20
Macquarie Park,2022-01-01,4000.0,3750.0,3533.0,3967.0,3400.0,1.067,0.907,18
Macquarie Park,2022-02-01,6800.0,5850.0,6200.0,5975.0,5500.0,1.132,0.915,20
Macquarie Park,2022-03-01,8875.0,9200.0,9040.0,8860.0,6850.0,0.982,0.758,23
Macquarie Park,2022-04-01,7750.0,8925.0,8900.0,8175.0,6875.0,0.894,0.793,18
Macquarie Park,2022-05-01,8840.0,10320.0,10900.0,9900.0,7425.0,0.852,0.716,22
Macquarie Park,2022-06-01,8233.0,8825.0,9260.0,8580.0,8025.0,0.926,0.903,21
Macquarie Park,2022-07-01,7700.0,8550.0,8775.0,8225.0,7060.0,0.904,0.829,21
Macquarie Park,2022-08-01,9660.0,10740.0,11580.0,10525.0,8475.0,0.882,0.774,23
Macquarie Park,2022-09-01,8925.0,9350.0,10550.0,10075.0,7980.0,0.893,0.799,21
Macquarie Park,2022-10-01,8875.0,10575.0,11125.0,9800.0,8200.0,0.845,0.781,20
Macquarie Park,2022-11-01,8933.0,9550.0,10400.0,8967.0,7633.0,0.927,0.792,17
Macquarie Park,2022-12-01,8500.0,9400.0,9267.0,8875.0,7750.0,0.926,0.844,17
Macquarie Park,2023-01-01,8400.0,9725.0,9300.0,7833.0,7233.0,0.938,0.808,17
Macquarie Park,2023-02-01,11675.0,12850.0,11500.0,10575.0,9075.0,1.003,0.78,20
Macquarie Park,2023-03-01,12400.0,14575.0,14980.0,12680.0,9600.0,0.881,0.682,23
Macquarie Park,2023-04-01,10567.0,11600.0,12475.0,11125.0,9133.0,0.901,0.778,17
Macquarie Park,2023-05-01,11580.0,13760.0,13800.0,12975.0,9925.0,0.857,0.735,23
Macquarie Park,2023-06-01,9833.0,11525.0,11650.0,10960.0,9460.0,0.864,0.831,21
Macquarie Park,2023-07-01,10980.0,11600.0,11875.0,11025.0,9325.0,0.955,0.811,21
Macquarie Park,2023-08-01,12525.0,14720.0,15040.0,13760.0,10700.0,0.863,0.738,23
Macquarie Park,2023-09-01,10950.0,12850.0,12725.0,11925.0,9600.0,0.876,0.768,21
Macquarie Park,2023-10-01,11575.0,13520.0,14325.0,12975.0,10025.0,0.851,0.737,21
Macquarie Park,2023-11-01,10575.0,11875.0,12140.0,11120.0,9775.0,0.903,0.835,22
Macquarie Park,2023-12-01,9967.0,11000.0,10567.0,10033.0,8725.0,0.946,0.828,16
Macquarie Park,2024-01-01,9150.0,10675.0,10550.0,9333.0,7733.0,0.898,0.759,18
Macquarie Park,2024-02-01,12175.0,14175.0,14425.0,12420.0,9850.0,0.89,0.72,21
Macquarie Park,2024-03-01,13900.0,16475.0,16100.0,14750.0,11375.0,0.881,0.721,20
Macquarie Park,2024-04-01,12075.0,14100.0,13725.0,12800.0,9550.0,0.892,0.705,19
Macquarie Park,2024-05-01,12575.0,14975.0,15040.0,13720.0,10680.0,0.863,0.733,23
Macquarie Park,2024-06-01,10667.0,12325.0,12300.0,11175.0,9450.0,0.894,0.792,19
Macquarie Park,2024-07-01,11520.0,13300.0,13280.0,11475.0,9650.0,0.908,0.761,23
Macquarie Park,2024-08-01,14075.0,16625.0,16800.0,15200.0,11900.0,0.868,0.734,22
Macquarie Park,2024-09-01,13200.0,15200.0,15225.0,13500.0,11650.0,0.902,0.796,21
Macquarie Park,2024-10-01,13467.0,16080.0,16460.0,15260.0,12400.0,0.845,0.778,22
Macquarie Park,2024-11-01,12675.0,14500.0,14600.0,13400.0,11540.0,0.895,0.815,21
Macquarie Park,2024-12-01,11000.0,13367.0,13433.0,12567.0,10833.0,0.838,0.826,16
Macquarie Park,2025-01-01,10833.0,12133.0,10600.0,11067.0,9225.0,0.962,0.819,16
Macquarie Park,2025-02-01,14033.0,16333.0,16133.0,13225.0,11650.0,0.921,0.765,17
Macquarie Park,2025-03-01,16900.0,19825.0,19925.0,18325.0,15250.0,0.873,0.788,21
Macquarie Park,2025-04-01,15100.0,17975.0,17800.0,15933.0,14450.0,0.876,0.838,16
Macquarie Park,2025-05-01,15767.0,17075.0,18125.0,16520.0,13560.0,0.915,0.787,21
Macquarie Park,2025-06-01,13675.0,15675.0,15575.0,14600.0,12475.0,0.895,0.816,20
Macquarie Park,2025-07-01,13350.0,15325.0,14040.0,13425.0,11400.0,0.936,0.799,21
Macquarie Park,2025-08-01,15925.0,18567.0,18100.0,16475.0,13525.0,0.899,0.764,19
Macquarie Park,2025-09-01,14400.0,16500.0,16500.0,15433.0,12700.0,0.892,0.787,21
Macquarie Park,2025-10-01,15467.0,17500.0,16420.0,15780.0,12860.0,0.934,0.776,22
Macquarie Park,2025-11-01,14267.0,15825.0,15850.0,14850.0,12225.0,0.92,0.788,19
Macquarie Park,2025-12-01,11667.0,14350.0,14000.0,13050.0,9500.0,0.845,0.688,12
Macquarie Park,2026-01-01,11200.0,13000.0,12767.0,11767.0,9275.0,0.895,0.741,17
Macquarie Park,2026-02-01,15750.0,17800.0,17600.0,16050.0,12567.0,0.918,0.733,11
Macquarie Park,2026-03-01,17780.0,20380.0,20300.0,18650.0,14575.0,0.899,0.737,22
Macquarie Park,2026-04-01,15400.0,17250.0,18040.0,16420.0,12700.0,0.893,0.737,19
Macquarie Park,2026-05-01,16425.0,18500.0,18450.0,16925.0,13920.0,0.915,0.775,21
Macquarie Park,2026-06-01,14450.0,15800.0,16425.0,14925.0,13075.0,0.919,0.832,21
Macquarie Park,2026-07-01,14167.0,15575.0,15400.0,14180.0,12000.0,0.941,0.797,22
Macquarie Park,2026-08-01,16620.0,19250.0,19125.0,17925.0,13675.0,0.886,0.729,21
Macquarie Park,2026-09-01,14650.0,17200.0,17080.0,16450.0,13025.0,0.866,0.77,22
Macquarie Park,2026-10-01,,,,14000.0,11900.0,,0.85,2
North Sydney,2020-01-01,29767.0,30288.0,30250.0,29800.0,27488.0,0.989,0.913,19
North Sydney,2020-02-01,33156.0,34225.0,33450.0,33600.0,31875.0,0.982,0.944,20
North Sydney,2020-03-01,20840.0,20000.0,22325.0,20875.0,19225.0,0.989,0.913,22
North Sydney,2020-04-01,2733.0,2775.0,2900.0,2920.0,2800.0,0.954,0.977,20
North Sydney,2020-05-01,4700.0,4875.0,4988.0,4994.0,4555.0,0.949,0.92,21
North Sydney,2020-06-01,8588.0,8740.0,8306.0,8900.0,8625.0,0.993,0.997,21
North Sydney,2020-07-01,8612.0,9038.0,9125.0,9370.0,8820.0,0.938,0.961,23
North Sydney,2020-08-01,9120.0,9725.0,9400.0,9812.0,8950.0,0.945,0.928,21
North Sydney,2020-09-01,9731.0,10395.0,10100.0,10525.0,9444.0,0.941,0.913,22
North Sydney,2020-10-01,10417.0,10944.0,10694.0,10635.0,9306.0,0.968,0.865,20
North Sydney,2020-11-01,12095.0,13225.0,12838.0,12275.0,11525.0,0.946,0.902,21
North Sydney,2020-12-01,12375.0,13308.0,13142.0,13408.0,10742.0,0.931,0.808,14
North Sydney,2021-01-01,9008.0,10400.0,11283.0,11775.0,9583.0,0.808,0.859,14
North Sydney,2021-02-01,15256.0,16750.0,16375.0,16275.0,14050.0,0.926,0.853,20
North Sydney,2021-03-01,16130.0,17675.0,17115.0,17831.0,14950.0,0.92,0.852,23
North Sydney,2021-04-01,15833.0,17506.0,17706.0,17440.0,13875.0,0.902,0.791,20
North Sydney,2021-05-01,17325.0,19450.0,19150.0,18650.0,15475.0,0.908,0.811,21
North Sydney,2021-06-01,11750.0,14965.0,13495.0,15025.0,12258.0,0.811,0.846,19
North Sydney,2021-07-01,2019.0,2750.0,2125.0,2470.0,2075.0,0.825,0.848,20
North Sydney,2021-08-01,1730.0,1730.0,1762.0,1831.0,1744.0,0.975,0.983,22
North Sydney,2021-09-01,1862.0,1912.0,1930.0,2010.0,1962.0,0.955,1.006,22
North Sydney,2021-10-01,5142.0,4662.0,4762.0,5125.0,4495.0,1.06,0.927,20
North Sydney,2021-11-01,9915.0,10525.0,10244.0,10012.0,9012.0,0.966,0.878,22
North Sydney,2021-12-01,8758.0,7933.0,9762.0,8438.0,8975.0,1.005,1.03,17
North Sydney,2022-01-01,5919.0,5358.0,4788.0,5383.0,4450.0,1.143,0.86,16
North Sydney,2022-02-01,10425.0,8844.0,9069.0,9944.0,9156.0,1.123,0.986,19
North Sydney,2022-03-01,11738.0,13212.0,11465.0,12365.0,10675.0,0.951,0.865,22
North Sydney,2022-04-01,12400.0,13375.0,13650.0,12712.0,9950.0,0.936,0.751,18
North Sydney,2022-05-01,14235.0,16380.0,15781.0,16081.0,12325.0,0.885,0.766,22
North Sydney,2022-06-01,14242.0,15331.0,15540.0,15505.0,13875.0,0.921,0.898,21
North Sydney,2022-07-01,13442.0,15942.0,15167.0,13806.0,12050.0,0.898,0.805,17
North Sydney,2022-08-01,13575.0,15110.0,15125.0,14950.0,12425.0,0.901,0.825,22
North Sydney,2022-09-01,15275.0,17767.0,17200.0,15950.0,12400.0,0.9,0.731,20
North Sydney,2022-10-01,14933.0,17150.0,16450.0,15506.0,12800.0,0.912,0.782,19
North Sydney,2022-11-01,16100.0,18667.0,18300.0,18450.0,14900.0,0.872,0.807,14
North Sydney,2022-12-01,14300.0,16767.0,16433.0,16150.0,14200.0,0.869,0.863,16
North Sydney,2023-01-01,14956.0,18500.0,16733.0,16200.0,11667.0,0.872,0.68,16
North Sydney,2023-02-01,18575.0,21700.0,20525.0,20675.0,16375.0,0.886,0.781,20
North Sydney,2023-03-01,18675.0,22175.0,20860.0,21425.0,16475.0,0.869,0.767,21
North Sydney,2023-04-01,16500.0,20433.0,20125.0,18825.0,14700.0,0.834,0.743,17
North Sydney,2023-05-01,18420.0,21860.0,21000.0,20950.0,16425.0,0.866,0.772,23
North Sydney,2023-06-01,17900.0,20625.0,20256.0,20220.0,15920.0,0.879,0.782,21
North Sydney,2023-07-01,17660.0,20500.0,20500.0,20375.0,15800.0,0.863,0.772,21
North Sydney,2023-08-01,18950.0,22720.0,22165.0,21680.0,16950.0,0.854,0.764,23
North Sydney,2023-09-01,18625.0,21700.0,21125.0,20800.0,15540.0,0.878,0.733,21
North Sydney,2023-10-01,19075.0,21240.0,20875.0,20475.0,15825.0,0.914,0.759,21
North Sydney,2023-11-01,18950.0,21875.0,21040.0,20940.0,16225.0,0.89,0.762,22
North Sydney,2023-12-01,17333.0,19833.0,18675.0,17333.0,14025.0,0.931,0.753,16
North Sydney,2024-01-01,16225.0,19775.0,18975.0,17300.0,11600.0,0.868,0.621,18
North Sydney,2024-02-01,19400.0,23275.0,22550.0,22520.0,16850.0,0.852,0.74,21
North Sydney,2024-03-01,20500.0,23825.0,22750.0,22100.0,16725.0,0.896,0.731,20
North Sydney,2024-04-01,19675.0,21500.0,21525.0,21467.0,14175.0,0.915,0.659,20
North Sydney,2024-05-01,19775.0,23300.0,22280.0,22240.0,16840.0,0.875,0.745,23
North Sydney,2024-06-01,19333.0,22500.0,21275.0,21056.0,15700.0,0.895,0.727,19
North Sydney,2024-07-01,18300.0,21700.0,21000.0,20775.0,14950.0,0.865,0.707,23
North Sydney,2024-08-01,21300.0,24875.0,23325.0,23420.0,17820.0,0.892,0.746,22
North Sydney,2024-09-01,20320.0,24225.0,23150.0,22425.0,17800.0,0.873,0.765,21
North Sydney,2024-10-01,20367.0,23100.0,22480.0,23360.0,16825.0,0.886,0.732,22
North Sydney,2024-11-01,20475.0,23975.0,22925.0,23100.0,16980.0,0.878,0.728,21
North Sydney,2024-12-01,19233.0,21700.0,20867.0,20733.0,15167.0,0.912,0.719,15
North Sydney,2025-01-01,17400.0,19833.0,18300.0,16733.0,12175.0,0.951,0.666,15
North Sydney,2025-02-01,21000.0,25033.0,23933.0,23325.0,18533.0,0.871,0.769,16
North Sydney,2025-03-01,22640.0,25725.0,25275.0,25200.0,19000.0,0.891,0.748,21
North Sydney,2025-04-01,20567.0,24638.0,23975.0,22900.0,18600.0,0.863,0.78,16
North Sydney,2025-05-01,22350.0,25567.0,23025.0,23610.0,17960.0,0.929,0.746,20
North Sydney,2025-06-01,21025.0,24325.0,23075.0,23475.0,17625.0,0.89,0.746,20
North Sydney,2025-07-01,19900.0,23300.0,22388.0,21750.0,16525.0,0.885,0.735,20
North Sydney,2025-08-01,21812.0,25933.0,24362.0,23588.0,18900.0,0.886,0.767,19
North Sydney,2025-09-01,21530.0,24840.0,24050.0,23400.0,18150.0,0.893,0.753,21
North Sydney,2025-10-01,21750.0,24450.0,23440.0,23580.0,17420.0,0.913,0.731,22
North Sydney,2025-11-01,22033.0,24675.0,23625.0,24200.0,17450.0,0.912,0.722,19
North Sydney,2025-12-01,19400.0,22350.0,21600.0,20850.0,14850.0,0.898,0.688,10
North Sydney,2026-01-01,17667.0,20875.0,19733.0,18700.0,14200.0,0.894,0.718,16
North Sydney,2026-02-01,22750.0,25600.0,24350.0,24550.0,18867.0,0.916,0.76,11
North Sydney,2026-03-01,23860.0,26880.0,25525.0,25650.0,18625.0,0.917,0.716,22
North Sydney,2026-04-01,21850.0,24825.0,24260.0,23840.0,17133.0,0.899,0.705,19
North Sydney,2026-05-01,23375.0,26525.0,25500.0,25250.0,19360.0,0.907,0.752,21
North Sydney,2026-06-01,21675.0,24400.0,24200.0,23600.0,17875.0,0.901,0.743,21
North Sydney,2026-07-01,21333.0,24525.0,22740.0,22620.0,16580.0,0.916,0.712,22
North Sydney,2026-08-01,23320.0,26550.0,25450.0,25275.0,19350.0,0.905,0.751,21
North Sydney,2026-09-01,22500.0,25480.0,24200.0,25175.0,18500.0,0.902,0.741,22
North Sydney,2026-10-01,,,,22600.0,15400.0,,0.681,2
Parramatta,2020-01-01,30733.0,31469.0,31469.0,30469.0,28444.0,0.987,0.914,19
Parramatta,2020-02-01,35144.0,36762.0,36062.0,36012.0,33181.0,0.969,0.915,20
Parramatta,2020-03-01,26975.0,25920.0,28494.0,27169.0,24862.0,0.992,0.914,22
Parramatta,2020-04-01,6783.0,6900.0,6950.0,6775.0,6850.0,0.987,0.996,20
Parramatta,2020-05-01,10075.0,10150.0,10500.0,10550.0,9860.0,0.969,0.948,21
Parramatta,2020-06-01,14775.0,14540.0,13925.0,15200.0,14725.0,1.015,1.012,21
Parramatta,2020-07-01,14050.0,14600.0,14960.0,15220.0,14800.0,0.941,0.992,23
Parramatta,2020-08-01,13880.0,14725.0,14175.0,14481.0,13550.0,0.96,0.937,21
Parramatta,2020-09-01,14775.0,15540.0,14720.0,15750.0,14794.0,0.963,0.965,22
Parramatta,2020-10-01,14933.0,15481.0,15150.0,15065.0,14569.0,0.98,0.956,20
Parramatta,2020-11-01,16995.0,18075.0,17494.0,16762.0,17006.0,0.974,0.975,21
Parramatta,2020-12-01,16167.0,17506.0,17075.0,18567.0,17100.0,0.913,0.965,17
Parramatta,2021-01-01,12288.0,13075.0,15117.0,13788.0,13356.0,0.878,0.954,18
Parramatta,2021-02-01,19275.0,20206.0,19644.0,19881.0,18238.0,0.968,0.916,20
Parramatta,2021-03-01,20360.0,21580.0,21515.0,21881.0,19862.0,0.94,0.917,23
Parramatta,2021-04-01,20033.0,22000.0,22281.0,21770.0,18275.0,0.91,0.83,20
Parramatta,2021-05-01,20640.0,23319.0,23038.0,22450.0,19462.0,0.9,0.849,21
Parramatta,2021-06-01,15658.0,18855.0,17725.0,19550.0,17517.0,0.837,0.936,19
Parramatta,2021-07-01,4644.0,4688.0,4800.0,5550.0,4635.0,0.926,0.925,22
Parramatta,2021-08-01,3235.0,3240.0,3431.0,3388.0,3350.0,0.965,0.999,22
Parramatta,2021-09-01,3662.0,3712.0,3600.0,3725.0,3638.0,0.995,0.989,22
Parramatta,2021-10-01,9492.0,8131.0,7938.0,8381.0,7520.0,1.165,0.923,20
Parramatta,2021-11-01,13420.0,13495.0,13175.0,13531.0,13006.0,1.001,0.971,22
Parramatta,2021-12-01,12417.0,11025.0,11310.0,12269.0,10145.0,1.076,0.88,20
Parramatta,2022-01-01,8812.0,8094.0,7242.0,8567.0,7525.0,1.106,0.944,18
Parramatta,2022-02-01,13708.0,11994.0,12225.0,12894.0,12262.0,1.108,0.991,19
Parramatta,2022-03-01,15650.0,15940.0,14840.0,15695.0,12681.0,1.01,0.819,23
Parramatta,2022-04-01,15438.0,17394.0,17700.0,16919.0,14488.0,0.89,0.836,18
Parramatta,2022-05-01,18620.0,21005.0,20594.0,20500.0,16431.0,0.9,0.794,22
Parramatta,2022-06-01,18767.0,20244.0,20270.0,19890.0,18200.0,0.932,0.904,21
Parramatta,2022-07-01,16300.0,19742.0,17956.0,17500.0,15180.0,0.886,0.825,20
Parramatta,2022-08-01,18075.0,18810.0,18290.0,19281.0,16525.0,0.962,0.879,23
Parramatta,2022-09-01,18538.0,19775.0,20988.0,19869.0,16740.0,0.917,0.828,21
Parramatta,2022-10-01,18506.0,21175.0,20681.0,19519.0,16494.0,0.905,0.806,20
Parramatta,2022-11-01,19983.0,21600.0,22331.0,20117.0,17092.0,0.936,0.801,17
Parramatta,2022-12-01,19092.0,21833.0,20983.0,20662.0,17862.0,0.902,0.844,17
Parramatta,2023-01-01,18888.0,21975.0,20833.0,17542.0,16583.0,0.939,0.824,17
Parramatta,2023-02-01,23306.0,26381.0,25000.0,24362.0,20812.0,0.923,0.824,20
Parramatta,2023-03-01,23994.0,27306.0,26375.0,24625.0,20845.0,0.919,0.799,23
Parramatta,2023-04-01,21775.0,25617.0,25556.0,24050.0,20750.0,0.868,0.828,17
Parramatta,2023-05-01,24470.0,28340.0,27585.0,27100.0,22744.0,0.884,0.822,23
Parramatta,2023-06-01,24125.0,27438.0,26844.0,25835.0,22485.0,0.903,0.842,21
Parramatta,2023-07-01,23665.0,26562.0,27169.0,25644.0,21669.0,0.894,0.819,21
Parramatta,2023-08-01,24875.0,29575.0,28760.0,28085.0,23706.0,0.864,0.823,23
Parramatta,2023-09-01,24612.0,28344.0,27731.0,27012.0,22600.0,0.889,0.816,21
Parramatta,2023-10-01,25038.0,27900.0,27862.0,26662.0,22344.0,0.911,0.813,21
Parramatta,2023-11-01,24850.0,28288.0,27725.0,26605.0,23475.0,0.902,0.852,22
Parramatta,2023-12-01,23000.0,26000.0,24992.0,23175.0,19620.0,0.93,0.794,17
Parramatta,2024-01-01,20769.0,24488.0,24706.0,22108.0,17983.0,0.874,0.757,18
Parramatta,2024-02-01,25188.0,29069.0,28419.0,27210.0,23131.0,0.892,0.819,21
Parramatta,2024-03-01,26888.0,31394.0,30619.0,28731.0,24481.0,0.889,0.809,20
Parramatta,2024-04-01,25519.0,27870.0,28525.0,27617.0,21612.0,0.911,0.772,20
Parramatta,2024-05-01,26569.0,31119.0,29820.0,28670.0,24030.0,0.889,0.804,23
Parramatta,2024-06-01,25325.0,29081.0,28488.0,26481.0,22669.0,0.904,0.809,19
Parramatta,2024-07-01,25150.0,29470.0,29090.0,26962.0,22812.0,0.882,0.8,23
Parramatta,2024-08-01,27238.0,31900.0,31025.0,29860.0,25070.0,0.881,0.811,22
Parramatta,2024-09-01,26190.0,31450.0,30562.0,28325.0,24225.0,0.87,0.804,21
Parramatta,2024-10-01,26150.0,29560.0,29140.0,27760.0,23100.0,0.907,0.802,22
Parramatta,2024-11-01,25812.0,30175.0,28938.0,27500.0,23170.0,0.894,0.803,21
Parramatta,2024-12-01,22675.0,27850.0,27367.0,25700.0,22600.0,0.841,0.838,16
Parramatta,2025-01-01,22500.0,25683.0,24550.0,23875.0,18212.0,0.911,0.737,14
Parramatta,2025-02-01,26750.0,32133.0,31350.0,28762.0,25583.0,0.87,0.832,16
Parramatta,2025-03-01,30290.0,35075.0,33850.0,32638.0,26962.0,0.895,0.796,21
Parramatta,2025-04-01,28933.0,31560.0,31330.0,29250.0,27325.0,0.942,0.89,19
Parramatta,2025-05-01,30683.0,35017.0,33783.0,32400.0,26120.0,0.91,0.774,19
Parramatta,2025-06-01,29275.0,33300.0,31988.0,31775.0,26150.0,0.905,0.808,20
Parramatta,2025-07-01,27800.0,32200.0,31000.0,29425.0,25262.0,0.9,0.818,20
Parramatta,2025-08-01,29950.0,35367.0,33162.0,32012.0,27425.0,0.894,0.818,19
Parramatta,2025-09-01,29820.0,33910.0,32500.0,31683.0,27162.0,0.912,0.831,21
Parramatta,2025-10-01,29067.0,32650.0,31390.0,30630.0,25500.0,0.921,0.808,22
Parramatta,2025-11-01,29333.0,33125.0,30362.0,30888.0,26062.0,0.932,0.828,19
Parramatta,2025-12-01,21490.0,29900.0,24500.0,27925.0,18975.0,0.783,0.691,16
Parramatta,2026-01-01,22533.0,26238.0,25250.0,23800.0,18788.0,0.898,0.749,17
Parramatta,2026-02-01,29350.0,33975.0,31875.0,30950.0,26350.0,0.91,0.817,11
Parramatta,2026-03-01,31820.0,36630.0,35112.0,33125.0,28438.0,0.91,0.814,22
Parramatta,2026-04-01,29750.0,33512.0,34140.0,31600.0,26483.0,0.899,0.8,19
Parramatta,2026-05-01,31088.0,34962.0,34188.0,31812.0,27660.0,0.924,0.822,21
Parramatta,2026-06-01,29900.0,33290.0,33212.0,31488.0,26625.0,0.915,0.815,21
Parramatta,2026-07-01,28833.0,32875.0,32190.0,30830.0,25670.0,0.902,0.803,22
Parramatta,2026-08-01,29910.0,34562.0,34025.0,32625.0,27788.0,0.887,0.824,21
Parramatta,2026-09-01,29100.0,33210.0,32710.0,31975.0,26512.0,0.892,0.812,22
Parramatta,2026-10-01,,,,29650.0,24450.0,,0.825,2
Strathfield,2020-01-01,7467.0,7400.0,7525.0,7440.0,7620.0,1.002,1.022,21
Strathfield,2020-02-01,9400.0,9575.0,9775.0,9850.0,9300.0,0.966,0.955,20
Strathfield,2020-03-01,7080.0,6940.0,7525.0,7275.0,7275.0,0.977,1.004,22
Strathfield,2020-04-01,2467.0,2625.0,2520.0,2520.0,2600.0,0.965,1.018,20
Strathfield,2020-05-01,3600.0,3775.0,3850.0,3925.0,3800.0,0.935,0.987,21
Strathfield,2020-06-01,5300.0,5360.0,5475.0,5675.0,5950.0,0.963,1.081,21
Strathfield,2020-07-01,5075.0,5325.0,5460.0,5520.0,5700.0,0.934,1.049,23
Strathfield,2020-08-01,5360.0,5600.0,5900.0,5775.0,5600.0,0.931,0.973,21
Strathfield,2020-09-01,5425.0,5680.0,5660.0,5975.0,5900.0,0.94,1.022,22
Strathfield,2020-10-01,5500.0,5675.0,5550.0,5440.0,5725.0,0.99,1.031,20
Strathfield,2020-11-01,6100.0,6175.0,6475.0,6100.0,6525.0,0.976,1.044,21
Strathfield,2020-12-01,4875.0,5400.0,5600.0,5650.0,6167.0,0.878,1.111,21
Strathfield,2021-01-01,4325.0,4467.0,4850.0,5475.0,5075.0,0.877,1.029,19
Strathfield,2021-02-01,6725.0,6925.0,6950.0,6950.0,6850.0,0.969,0.987,20
Strathfield,2021-03-01,6860.0,6980.0,7100.0,7175.0,7200.0,0.968,1.016,23
Strathfield,2021-04-01,6567.0,6600.0,6650.0,6840.0,6350.0,0.981,0.948,20
Strathfield,2021-05-01,6820.0,7225.0,7450.0,7150.0,7100.0,0.937,0.976,21
Strathfield,2021-06-01,4875.0,5940.0,5800.0,6267.0,6267.0,0.812,1.044,20
Strathfield,2021-07-01,2050.0,2119.0,2175.0,2450.0,2155.0,0.912,0.959,22
Strathfield,2021-08-01,1640.0,1640.0,1750.0,1750.0,1650.0,0.957,0.963,22
Strathfield,2021-09-01,1675.0,1725.0,1780.0,1720.0,1725.0,0.962,0.99,22
Strathfield,2021-10-01,3206.0,3325.0,3375.0,3525.0,3280.0,0.941,0.962,21
Strathfield,2021-11-01,5360.0,5220.0,5275.0,5250.0,5375.0,1.021,1.024,22
Strathfield,2021-12-01,4400.0,4467.0,4340.0,4160.0,4200.0,1.018,0.972,21
Strathfield,2022-01-01,3825.0,3475.0,3000.0,3525.0,3475.0,1.148,1.042,20
Strathfield,2022-02-01,5767.0,5075.0,5450.0,5575.0,5450.0,1.075,1.016,19
Strathfield,2022-03-01,5850.0,5640.0,5640.0,6020.0,5550.0,1.014,0.962,23
Strathfield,2022-04-01,5400.0,5800.0,5925.0,5850.0,5450.0,0.922,0.93,18
Strathfield,2022-05-01,6480.0,6600.0,6725.0,6775.0,5900.0,0.967,0.881,22
Strathfield,2022-06-01,5950.0,6450.0,6560.0,6760.0,6825.0,0.903,1.036,22
Strathfield,2022-07-01,5675.0,6125.0,6075.0,6225.0,5960.0,0.924,0.97,21
Strathfield,2022-08-01,6320.0,6100.0,6140.0,6375.0,6225.0,1.019,1.003,23
Strathfield,2022-09-01,6100.0,6933.0,6800.0,6375.0,6360.0,0.91,0.949,20
Strathfield,2022-10-01,6050.0,6800.0,6525.0,6225.0,6100.0,0.928,0.936,19
Strathfield,2022-11-01,6600.0,6550.0,6850.0,6400.0,7050.0,1.0,1.068,16
Strathfield,2022-12-01,5900.0,6433.0,6050.0,6340.0,6480.0,0.94,1.033,21
Strathfield,2023-01-01,6075.0,6200.0,6000.0,5900.0,5775.0,1.007,0.957,20
Strathfield,2023-02-01,7975.0,8225.0,8125.0,7900.0,8100.0,0.987,1.002,20
Strathfield,2023-03-01,8325.0,8250.0,8420.0,7980.0,8600.0,1.013,1.047,22
Strathfield,2023-04-01,7233.0,7500.0,7550.0,7650.0,7433.0,0.956,0.982,17
Strathfield,2023-05-01,8280.0,8560.0,8660.0,8575.0,8550.0,0.963,0.994,23
Strathfield,2023-06-01,7475.0,8075.0,8250.0,8080.0,8420.0,0.919,1.035,22
Strathfield,2023-07-01,7580.0,7650.0,8050.0,8100.0,8075.0,0.955,1.018,21
Strathfield,2023-08-01,8700.0,8760.0,8820.0,9020.0,8850.0,0.981,0.998,23
Strathfield,2023-09-01,8050.0,8500.0,8575.0,8625.0,8700.0,0.94,1.016,21
Strathfield,2023-10-01,8275.0,8280.0,8525.0,8775.0,8475.0,0.97,0.994,21
Strathfield,2023-11-01,8475.0,8700.0,8700.0,8980.0,9000.0,0.964,1.024,22
Strathfield,2023-12-01,7433.0,7600.0,6900.0,6850.0,7440.0,1.044,1.045,19
Strathfield,2024-01-01,6800.0,7200.0,7275.0,7400.0,7300.0,0.933,1.001,16
Strathfield,2024-02-01,8375.0,8850.0,9175.0,8840.0,8875.0,0.935,0.991,21
Strathfield,2024-03-01,8800.0,9200.0,9325.0,9225.0,8975.0,0.951,0.97,20
Strathfield,2024-04-01,8100.0,8120.0,8750.0,8700.0,8025.0,0.95,0.942,20
Strathfield,2024-05-01,8800.0,8875.0,9060.0,9120.0,9080.0,0.976,1.007,23
Strathfield,2024-06-01,7875.0,8750.0,8525.0,8450.0,8275.0,0.918,0.965,20
Strathfield,2024-07-01,7720.0,8140.0,8220.0,7900.0,7875.0,0.955,0.974,23
Strathfield,2024-08-01,9325.0,9325.0,9550.0,9700.0,9500.0,0.979,0.997,22
Strathfield,2024-09-01,8780.0,9325.0,9425.0,9175.0,9325.0,0.943,1.002,21
Strathfield,2024-10-01,9300.0,9100.0,9200.0,9320.0,9325.0,1.01,1.013,22
Strathfield,2024-11-01,9150.0,9425.0,9675.0,9575.0,9220.0,0.957,0.965,21
Strathfield,2024-12-01,7180.0,7360.0,8300.0,8000.0,8067.0,0.91,1.023,19
Strathfield,2025-01-01,6433.0,6667.0,6900.0,6350.0,6725.0,0.969,1.013,16
Strathfield,2025-02-01,9400.0,9867.0,9633.0,9300.0,9500.0,0.979,0.99,16
Strathfield,2025-03-01,9760.0,9925.0,9925.0,10250.0,9825.0,0.973,0.979,21
Strathfield,2025-04-01,8133.0,9075.0,8920.0,8900.0,9250.0,0.907,1.032,18
Strathfield,2025-05-01,9467.0,9533.0,9900.0,9580.0,9320.0,0.979,0.964,19
Strathfield,2025-06-01,8925.0,9500.0,9425.0,9375.0,9275.0,0.946,0.983,20
Strathfield,2025-07-01,7775.0,8550.0,8400.0,8525.0,8200.0,0.916,0.966,21
Strathfield,2025-08-01,9250.0,9350.0,9675.0,9700.0,9600.0,0.966,1.003,20
Strathfield,2025-09-01,9320.0,9540.0,9625.0,9800.0,9800.0,0.965,1.015,21
Strathfield,2025-10-01,9067.0,9225.0,9140.0,9180.0,9120.0,0.987,0.993,22
Strathfield,2025-11-01,8650.0,9700.0,9575.0,10075.0,9775.0,0.884,0.999,20
Strathfield,2025-12-01,6900.0,7080.0,6840.0,8200.0,6867.0,0.936,0.931,20
Strathfield,2026-01-01,7100.0,7425.0,7400.0,7333.0,7000.0,0.961,0.948,17
Strathfield,2026-02-01,9300.0,9550.0,10100.0,9600.0,9500.0,0.954,0.974,11
Strathfield,2026-03-01,9820.0,10460.0,10375.0,10250.0,10075.0,0.948,0.972,22
Strathfield,2026-04-01,8250.0,8950.0,9360.0,9060.0,8700.0,0.904,0.954,19
Strathfield,2026-05-01,9500.0,9650.0,9700.0,9575.0,9700.0,0.985,1.006,21
Strathfield,2026-06-01,9175.0,9160.0,9800.0,9375.0,9550.0,0.971,1.011,21
Strathfield,2026-07-01,8233.0,8675.0,8680.0,8580.0,8540.0,0.952,0.988,22
Strathfield,2026-08-01,9580.0,9775.0,10050.0,9925.0,9925.0,0.966,1.001,21
Strathfield,2026-09-01,9300.0,9480.0,9500.0,9825.0,9600.0,0.969,1.0,22
Strathfield,2026-10-01,,,,8600.0,8900.0,,1.035,2
Sydney CBD,2020-01-01,281200.0,280500.0,278850.0,270200.0,232520.0,1.017,0.841,20
Sydney CBD,2020-02-01,285600.0,295875.0,294400.0,291375.0,269000.0,0.972,0.915,20
Sydney CBD,2020-03-01,192120.0,179520.0,201075.0,189375.0,170750.0,1.011,0.899,22
Sydney CBD,2020-04-01,33467.0,33850.0,34900.0,33720.0,33600.0,0.98,0.984,20
Sydney CBD,2020-05-01,50250.0,52425.0,54400.0,53775.0,48940.0,0.939,0.914,21
Sydney CBD,2020-06-01,83925.0,85720.0,81975.0,84975.0,80825.0,0.996,0.96,21
Sydney CBD,2020-07-01,94125.0,95925.0,99460.0,99520.0,92820.0,0.958,0.944,23
Sydney CBD,2020-08-01,87620.0,94825.0,94850.0,93375.0,84650.0,0.929,0.897,21
Sydney CBD,2020-09-01,97675.0,103940.0,102940.0,101075.0,92525.0,0.952,0.901,22
Sydney CBD,2020-10-01,101800.0,110300.0,111600.0,109540.0,97200.0,0.921,0.88,20
Sydney CBD,2020-11-01,117800.0,128475.0,128025.0,117225.0,113000.0,0.946,0.907,21
Sydney CBD,2020-12-01,128700.0,140800.0,142100.0,140233.0,120900.0,0.912,0.857,14
Sydney CBD,2021-01-01,100200.0,113200.0,120300.0,119600.0,105633.0,0.851,0.897,14
Sydney CBD,2021-02-01,143000.0,156925.0,154725.0,151925.0,130775.0,0.925,0.846,20
Sydney CBD,2021-03-01,152460.0,166920.0,164400.0,164525.0,140850.0,0.922,0.852,23
Sydney CBD,2021-04-01,164533.0,178800.0,182925.0,173360.0,141800.0,0.922,0.795,20
Sydney CBD,2021-05-01,164140.0,180950.0,179550.0,170300.0,145375.0,0.928,0.822,21
Sydney CBD,2021-06-01,110233.0,142760.0,129920.0,141400.0,121200.0,0.799,0.878,19
Sydney CBD,2021-07-01,23325.0,23475.0,23675.0,26945.0,23315.0,0.944,0.944,22
Sydney CBD,2021-08-01,19155.0,19480.0,19838.0,20088.0,19219.0,0.967,0.971,22
Sydney CBD,2021-09-01,22012.0,22031.0,22500.0,22860.0,21481.0,0.98,0.956,22
Sydney CBD,2021-10-01,60200.0,53800.0,54700.0,56975.0,49380.0,1.091,0.895,20
Sydney CBD,2021-11-01,98740.0,103400.0,101800.0,100300.0,88950.0,0.97,0.873,22
Sydney CBD,2021-12-01,95400.0,94500.0,91760.0,79280.0,81350.0,1.078,0.919,20
Sydney CBD,2022-01-01,66000.0,64067.0,55250.0,59425.0,54250.0,1.108,0.911,19
Sydney CBD,2022-02-01,101633.0,92625.0,98075.0,97900.0,89475.0,1.056,0.93,19
Sydney CBD,2022-03-01,121250.0,128440.0,124160.0,126840.0,107300.0,0.959,0.848,23
Sydney CBD,2022-04-01,133400.0,150725.0,152250.0,139800.0,105940.0,0.904,0.718,19
Sydney CBD,2022-05-01,143580.0,166160.0,165150.0,160600.0,121625.0,0.876,0.742,22
Sydney CBD,2022-06-01,146667.0,163150.0,165960.0,161040.0,137125.0,0.898,0.839,21
Sydney CBD,2022-07-01,137700.0,156900.0,154200.0,151050.0,126080.0,0.894,0.818,21
Sydney CBD,2022-08-01,136260.0,153240.0,146740.0,152675.0,125600.0,0.903,0.832,23
Sydney CBD,2022-09-01,152700.0,182100.0,179300.0,167050.0,134440.0,0.867,0.763,20
Sydney CBD,2022-10-01,156600.0,190867.0,171125.0,174833.0,145067.0,0.875,0.811,16
Sydney CBD,2022-11-01,167033.0,196167.0,188300.0,186800.0,152550.0,0.877,0.801,14
Sydney CBD,2022-12-01,163067.0,187667.0,184233.0,175950.0,137880.0,0.893,0.755,18
Sydney CBD,2023-01-01,171750.0,199350.0,177875.0,168367.0,142733.0,0.944,0.785,18
Sydney CBD,2023-02-01,197400.0,227050.0,215100.0,211800.0,172775.0,0.906,0.793,20
Sydney CBD,2023-03-01,194850.0,228850.0,221320.0,219925.0,174700.0,0.872,0.782,21
Sydney CBD,2023-04-01,184400.0,219533.0,216425.0,204825.0,170467.0,0.863,0.798,17
Sydney CBD,2023-05-01,192140.0,223820.0,218580.0,213050.0,172400.0,0.879,0.789,23
Sydney CBD,2023-06-01,190167.0,218875.0,213900.0,211380.0,169680.0,0.886,0.79,21
Sydney CBD,2023-07-01,192460.0,223450.0,224200.0,219625.0,171850.0,0.865,0.773,21
Sydney CBD,2023-08-01,197450.0,234400.0,229480.0,225340.0,181825.0,0.859,0.791,23
Sydney CBD,2023-09-01,203075.0,234750.0,230400.0,227700.0,177360.0,0.879,0.768,21
Sydney CBD,2023-10-01,206050.0,233000.0,232575.0,228575.0,183975.0,0.891,0.795,21
Sydney CBD,2023-11-01,209175.0,237350.0,234240.0,230860.0,185975.0,0.893,0.794,22
Sydney CBD,2023-12-01,201800.0,223633.0,213400.0,203533.0,169520.0,0.945,0.794,17
Sydney CBD,2024-01-01,189050.0,222450.0,205120.0,189075.0,159833.0,0.92,0.778,20
Sydney CBD,2024-02-01,222500.0,255400.0,255675.0,243500.0,191700.0,0.885,0.762,21
Sydney CBD,2024-03-01,224250.0,259150.0,250700.0,242350.0,198450.0,0.894,0.791,20
Sydney CBD,2024-04-01,223150.0,236000.0,245050.0,239967.0,178075.0,0.928,0.741,20
Sydney CBD,2024-05-01,215075.0,248200.0,238720.0,236040.0,184680.0,0.892,0.766,23
Sydney CBD,2024-06-01,208067.0,237525.0,227275.0,224700.0,176700.0,0.905,0.769,19
Sydney CBD,2024-07-01,207520.0,236620.0,234180.0,229025.0,181575.0,0.89,0.778,23
Sydney CBD,2024-08-01,216475.0,252975.0,244175.0,240900.0,193880.0,0.88,0.788,22
Sydney CBD,2024-09-01,220280.0,256225.0,248100.0,239075.0,195450.0,0.889,0.789,21
Sydney CBD,2024-10-01,221067.0,250460.0,244200.0,243700.0,195550.0,0.898,0.795,22
Sydney CBD,2024-11-01,216400.0,243575.0,237350.0,231475.0,187080.0,0.911,0.788,21
Sydney CBD,2024-12-01,214000.0,237933.0,231067.0,226900.0,185067.0,0.923,0.798,15
Sydney CBD,2025-01-01,204400.0,226000.0,208800.0,184400.0,158200.0,0.99,0.766,16
Sydney CBD,2025-02-01,225433.0,267000.0,257867.0,239500.0,203667.0,0.885,0.799,16
Sydney CBD,2025-03-01,241800.0,274225.0,269125.0,265250.0,205575.0,0.897,0.763,21
Sydney CBD,2025-04-01,235633.0,254200.0,249800.0,239100.0,207050.0,0.951,0.836,19
Sydney CBD,2025-05-01,229867.0,262567.0,240850.0,240320.0,191680.0,0.927,0.773,20
Sydney CBD,2025-06-01,225275.0,251475.0,244400.0,242075.0,191175.0,0.916,0.777,20
Sydney CBD,2025-07-01,227775.0,255050.0,247100.0,241600.0,196650.0,0.919,0.793,20
Sydney CBD,2025-08-01,227575.0,269133.0,252525.0,245875.0,203650.0,0.89,0.796,19
Sydney CBD,2025-09-01,232000.0,261880.0,247250.0,240567.0,197525.0,0.928,0.79,21
Sydney CBD,2025-10-01,233400.0,261150.0,251500.0,253840.0,204460.0,0.914,0.8,22
Sydney CBD,2025-11-01,231000.0,256125.0,248875.0,247900.0,190375.0,0.92,0.759,19
Sydney CBD,2025-12-01,188225.0,247000.0,240350.0,232000.0,178500.0,0.785,0.744,12
Sydney CBD,2026-01-01,207267.0,235075.0,226200.0,219000.0,168625.0,0.914,0.744,17
Sydney CBD,2026-02-01,255900.0,288350.0,275400.0,274550.0,213333.0,0.916,0.763,11
Sydney CBD,2026-03-01,250320.0,277960.0,273225.0,268775.0,210100.0,0.916,0.769,22
Sydney CBD,2026-04-01,245300.0,265625.0,263920.0,254880.0,208400.0,0.938,0.797,19
Sydney CBD,2026-05-01,235850.0,263475.0,258375.0,249400.0,202580.0,0.917,0.788,21
Sydney CBD,2026-06-01,228025.0,252300.0,249475.0,239150.0,191725.0,0.923,0.776,21
Sydney CBD,2026-07-01,232133.0,260325.0,250640.0,246240.0,196440.0,0.92,0.778,22
Sydney CBD,2026-08-01,234720.0,267900.0,260775.0,258025.0,209450.0,0.895,0.799,21
Sydney CBD,2026-09-01,233225.0,263420.0,253960.0,250400.0,200275.0,0.911,0.783,22
Sydney CBD,2026-10-01,,,,264700.0,201700.0,,0.762,2
